{"CH652944720627":[47.49431228637695,7.016201496124268],"CH934471068642":[47.491050720214844,7.017895221710205],"CH280244067007":[47.5007438659668,7.004585266113281],"CH967044062184":[47.49635696411133,7.014064788818359],"CH610601447318":[47.49585723876953,7.007857322692871],"CH449689777710":[47.49290466308594,6.985324382781982],"CH953544710657":[47.495765686035156,7.012972831726074],"CH567044066381":[47.491554260253906,7.018425464630127],"CH334472060824":[47.49203872680664,7.006650924682617],"CH334478063936":[47.34831619262695,7.215120792388916],"CH367844065439":[47.36777877807617,7.229925155639648],"CH770678554462":[47.372337341308594,7.235567569732666],"CH527854440642":[47.37263870239258,7.2361159324646],"CH655244780667":[47.37394332885742,7.235347747802734],"CH210610447868":[47.35011672973633,7.2176923751831055],"CH994477990679":[47.328643798828125,7.343931198120117],"CH170675584490":[47.327537536621094,7.343147277832031],"CH170679934446":[47.329254150390625,7.343080043792725],"CH207906314433":[47.329952239990234,7.343453407287598],"CH434479069930":[47.32661819458008,7.342363357543945],"CH858344770638":[47.327545166015625,7.342844009399414],"CH682844067933":[47.349605560302734,7.459692478179932],"CH994478650675":[47.34894943237305,7.450363636016846],"CH215894697765":[47.35004425048828,7.450074195861816],"CH153344780671":[47.34825134277344,7.448974132537842],"CH110656447876":[47.34099197387695,7.3795647621154785],"CH634477067801":[47.33599853515625,7.370872497558594],"CH836977589159":[47.337562561035156,7.378866672515869],"CH859169775830":[47.33759689331055,7.37845516204834],"CH334478066114":[47.36164855957031,7.390618801116943],"CH294478490670":[47.36252212524414,7.372135162353516],"CH810674447963":[47.362064361572266,7.3743062019348145],"CH194477620674":[47.36369323730469,7.374713897705078],"CH227729440608":[47.360504150390625,7.393580913543701],"CH357944780622":[47.362796783447266,7.375062465667725],"CH407706154467":[47.3626708984375,7.374574661254883],"CH470678504482":[47.36201095581055,7.375619411468506],"CH210613447742":[47.36143493652344,7.374956130981445],"CH827752440682":[47.361114501953125,7.374902725219727],"CH234477061605":[47.35986328125,7.375025749206543],"CH870677924423":[47.35960388183594,7.375529766082764],"CH934477065321":[47.358924865722656,7.37566614151001],"CH294479770674":[47.357051849365234,7.377316474914551],"CH857444790681":[47.36164093017578,7.37360143661499],"CH934477065915":[47.362030029296875,7.372560501098633],"CH383344067801":[47.36053466796875,7.372587203979492],"CH327919440610":[47.35991668701172,7.372714042663574],"CH253244770667":[47.363487243652344,7.376867771148682],"CH494479170689":[47.363250732421875,7.375201225280762],"CH210630447882":[47.36187744140625,7.381123065948486],"CH407806694472":[47.362178802490234,7.377068519592285],"CH656644780677":[47.35485076904297,7.379703998565674],"CH934478067587":[47.3618049621582,7.36896276473999],"CH734478067162":[47.36152648925781,7.371293544769287],"CH510628447994":[47.3616828918457,7.370846748352051],"CH894478880640":[47.36130905151367,7.37053108215332],"CH910680447972":[47.36091232299805,7.370462417602539],"CH267844067057":[47.3604736328125,7.370520114898682],"CH527718440605":[47.3601188659668,7.370584011077881],"CH234477064078":[47.36142349243164,7.36759090423584],"CH470679054414":[47.36259460449219,7.391186714172363],"CH794477190696":[47.361061096191406,7.389484882354736],"CH767744063447":[47.3628044128418,7.377137660980225],"CH883444067796":[47.363059997558594,7.376580715179443],"CH551544770636":[47.36267852783203,7.373050212860107],"CH434479067059":[47.36155700683594,7.372178554534912],"CH427763440622":[47.3626708984375,7.390496253967285],"CH153944790603":[47.36317825317383,7.371991157531738],"CH870675394406":[47.36201477050781,7.380572319030762],"CH170677204489":[47.36534118652344,7.3712334632873535],"CH467844066987":[47.35920715332031,7.371683120727539],"CH440644786937":[47.35934829711914,7.371850967407227],"CH394478300693":[47.3620491027832,7.37994384765625],"CH294478580643":[47.365421295166016,7.369809150695801],"CH670675254419":[47.333919525146484,7.320017337799072],"CH436977580686":[47.34335708618164,7.320132255554199],"CH450669775836":[47.34322738647461,7.320106029510498],"CH467769580687":[47.343177795410156,7.320127487182617],"CH550669775802":[47.34315872192383,7.320232391357422],"CH894478200650":[47.34213638305664,7.319467544555664],"CH740644773569":[47.368629455566406,7.33716344833374],"CH334477066717":[47.36397933959961,7.3449625968933105],"CH434477069552":[47.36833190917969,7.343255996704102],"CH940644788248":[47.356197357177734,7.350161552429199],"CH727894440602":[47.36556625366211,7.336974143981934],"CH840644788084":[47.37138748168945,7.340156078338623],"CH610605447874":[47.37519073486328,7.353545188903809],"CH789444067861":[47.370574951171875,7.340762138366699],"CH850944780693":[47.37070083618164,7.349906921386719],"CH907806234440":[47.37103271484375,7.34927225112915],"CH940644782310":[47.37106704711914,7.349618911743164],"CH910618447750":[47.363563537597656,7.341180324554443],"CH640644772615":[47.358192443847656,7.343019485473633],"CH194478730632":[47.37051773071289,7.354343414306641],"CH882344067705":[47.363731384277344,7.3513078689575195],"CH294477200669":[47.364986419677734,7.3524250984191895],"CH307806234450":[47.3661003112793,7.335219383239746],"CH170678364432":[47.36969757080078,7.350070476531982],"CH358944780643":[47.36500549316406,7.35753870010376],"CH334477061173":[47.3743896484375,7.351930141448975],"CH267844060921":[47.3585205078125,7.342787742614746],"CH970678014459":[47.36040115356445,7.348151683807373],"CH127724440687":[47.36912536621094,7.352853775024414],"CH670678664463":[47.374359130859375,7.358526706695557],"CH194478820605":[47.35306930541992,7.339962005615234],"CH586444067767":[47.368892669677734,7.352274417877197],"CH410663447709":[47.370906829833984,7.351583480834961],"CH850344780661":[47.36029815673828,7.349443435668945],"CH180744067892":[47.361724853515625,7.3617634773254395],"CH767844069358":[47.360435485839844,7.361696720123291],"CH585644067789":[47.37110137939453,7.352095127105713],"CH589744067947":[47.35718536376953,7.347492218017578],"CH110663447714":[47.368934631347656,7.3560590744018555],"CH140644772292":[47.36723709106445,7.335544109344482],"CH467744061175":[47.36733627319336,7.334981918334961],"CH694478040669":[47.36976623535156,7.357794761657715],"CH294478950629":[47.375152587890625,7.3593244552612305],"CH134478060442":[47.374698638916016,7.358544826507568],"CH494478040640":[47.37483215332031,7.359167098999023],"CH734479066856":[47.36941146850586,7.342192649841309],"CH694475380691":[47.370384216308594,7.340004920959473],"CH694471820692":[47.37010955810547,7.340585708618164],"CH967844069486":[47.37074661254883,7.353091716766357],"CH967544063730":[47.3567008972168,7.345704555511475],"CH170675374456":[47.35641098022461,7.345877170562744],"CH767544061028":[47.373924255371094,7.349371910095215],"CH870675104493":[47.37406921386719,7.349617004394531],"CH694475350603":[47.37443161010742,7.351390838623047],"CH610635447501":[47.374881744384766,7.352685928344727],"CH354544790664":[47.35708236694336,7.342235565185547],"CH134479061225":[47.36556625366211,7.338038921356201],"CH887744067702":[47.35884094238281,7.344252109527588],"CH607806964420":[47.36461639404297,7.355998516082764],"CH694478940690":[47.363582611083984,7.35623836517334],"CH327767440620":[47.357303619384766,7.349755764007568],"CH494477070640":[47.36773681640625,7.354656219482422],"CH151744700642":[47.37430953979492,7.3514275550842285],"CH770670324409":[47.37495422363281,7.3523125648498535],"CH707006324406":[47.37501907348633,7.352838516235352],"CH770678934445":[47.36381912231445,7.355660915374756],"CH667044063179":[47.37518310546875,7.353151321411133],"CH910641447737":[47.36717987060547,7.334198951721191],"CH144536777132":[47.356868743896484,7.348452568054199],"CH157136774551":[47.35691452026367,7.348623275756836],