{"CH652944720627":[47.49431228637695,7.016201496124268],"CH934471068642":[47.491050720214844,7.017895221710205],"CH280244067007":[47.5007438659668,7.004585266113281],"CH967044062184":[47.49635696411133,7.014064788818359],"CH610601447318":[47.49585723876953,7.007857322692871],"CH449689777710":[47.49290466308594,6.985324382781982],"CH953544710657":[47.495765686035156,7.012972831726074],"CH567044066381":[47.491554260253906,7.018425464630127],"CH334472060824":[47.49203872680664,7.006650924682617],"CH334478063936":[47.34831619262695,7.215120792388916]}